Sample,Rate,Tide,Time,,,,,,,,,,,,,,,,,
F37L,F,L,T1,,,,,,,,,,,,,,,,,6
M54L,M,L,T1,,,,,,,,,,,,,,,,,3
F35L,F,L,T1,,,,,,,,,,,,,,,,,3
S70L,S,L,T2,,,,,,,,,,,,,,,,,
F33L,F,L,T1,,,,,,,,,,,,,,,,,3
M50L,M,L,T2,,,,,,,,,,,,,,,,,
F31L,F,L,T2,,,,,,,,,,,,,,,,,44
S69L,S,L,T1,,,,,,,,,,,,,,,,,6
S65H,S,H,T1,,,,,,,,,,,,,,,,,3
C4H,C,H,T0.water,,,,,,,,,,,,,,,,,2
C11L,C,L,T0.air,,,,,,,,,,,,,,,,,2
S59H,S,H,T1,,,,,,,,,,,,,,,,,6
C2H,C,H,T0.water,,,,,,,,,,,,,,,,,2
M45H,M,H,T2,,,,,,,,,,,,,,,,,
S71L,S,L,T2,,,,,,,,,,,,,,,,,
S73L,S,L,T2,,,,,,,,,,,,,,,,,
M47H,M,H,T2,,,,,,,,,,,,,,,,,
M55L,M,L,T1,,,,,,,,,,,,,,,,,3
F28H,F,H,T2,,,,,,,,,,,,,,,,,12
S67L,S,L,T1,,,,,,,,,,,,,,,,,3
C19L,C,L,T0.air,,,,,,,,,,,,,,,,,4
S63H,S,H,T1,,,,,,,,,,,,,,,,,12
F26H,F,H,T2,,,,,,,,,,,,,,,,,3
F24H,F,H,T1,,,,,,,,,,,,,,,,,3
M51L,M,L,T1,,,,,,,,,,,,,,,,,6
M53L,M,L,T2,,,,,,,,,,,,,,,,,
F36L,F,L,T2,,,,,,,,,,,,,,,,,
F34L,F,L,T2,,,,,,,,,,,,,,,,,
F30H,F,H,T1,,,,,,,,,,,,,,,,,6
S64H,S,H,T2,,,,,,,,,,,,,,,,,
S66H,S,H,T2,,,,,,,,,,,,,,,,,
M48H,M,H,T1,,,,,,,,,,,,,,,,,3
C7H,C,H,T0.air,,,,,,,,,,,,,,,,,2
C5H,C,H,T0.air,,,,,,,,,,,,,,,,,COUNT
M44H,M,H,T1,,,,,,,,,,,,,,,,,3
C14L,C,L,T0.water,,,,,,,,,,,,,,,,,4
M46H,M,H,T2,,,,,,,,,,,,,,,,,
S74L,S,L,T1,,,,,,,,,,,,,,,,,3
F29H,F,H,T1,,,,,,,,,,,,,,,,,3
C18L,C,L,T0.water,,,,,,,,,,,,,,,,,8
F27H,F,H,T2,,,,,,,,,,,,,,,,,6
M56L,M,L,T2,,,,,,,,,,,,,,,,,
M42H,M,H,T1,,,,,,,,,,,,,,,,,12
S62H,S,H,T2,,,,,,,,,,,,,,,,,
